matricule,email,birthdate,address,religion,handicap,first_name,last_name,birthplace,nationality,home_region,phone_number,gender,national_id_number,civil_status,employment_status,tutor_email,tutor_address,tutor_firstname,tutor_lastname,tutor_birthdate,tutor_nationality,tutor_phone_number,tutor_gender,tutor_national_id_number
GL12023001,bosso.ivan@gmail.com,1998-05-25,Douala,Christian,None,Bosso,Ivan,Yaounde,CM,West,698741230,Male,1597533321980,Single,SelfEmployed,adminmarco@gmail.com,Douala,Admin,Marco,1998-07-15,CM,684268426,Male,123321456654
GL12023002,kamdem.eric@gmail.com,1998-05-25,Douala,Christian,None,Kamdem,Eric,Douala,CM,West,698741231,Male,1597533322981,Single,SelfEmployed,adminmarco@gmail.com,Douala,Admin,Marco,1998-07-15,CM,684268426,Male,123321456652
GL12023003,lowe.william@gmail.com,1998-05-25,Douala,Christian,None,Lowe,William,Yaounde,CM,West,698741232,Male,1597533323984,Single,SelfEmployed,adminmarco@gmail.com,Douala,Admin,Marco,1998-07-15,CM,684268426,Male,123321456658
GL12023004,djipap.armelle@gmail.com,1998-05-25,Douala,Christian,None,Djipap,Armelle,Bangangte,CM,West,698741233,Female,1597533324987,Single,SelfEmployed,adminmarco@gmail.com,Douala,Admin,Marco,1998-07-15,CM,684268426,Male,123321456654
GL12023007,kouam.meulak@gmail.com,1998-05-25,Douala,Christian,None,Kouam,Meulak,Yaounde,CM,West,698741234,Male,1597533325987,Single,SelfEmployed,adminmarco@gmail.com,Bangangte,Admin,Marco,1998-07-15,CM,684268426,Male,123321456656
